level	module	threshold	n_genes_total	n_genes_in_set_list	n_genes_in_set_net	mean_deg_in_set	mean_deg_other	frac_driver_in_set	frac_driver_other
OPC	cellcycle	0.7	1551	40	0	NA	3.0174081237911	NA	0.317214700193424
OPC	PDGFRA_module	0.7	1551	31	0	NA	3.0174081237911	NA	0.317214700193424
AC	cellcycle	0.7	715	40	0	NA	4.45034965034965	NA	0.183216783216783
AC	PDGFRA_module	0.7	715	31	0	NA	4.45034965034965	NA	0.183216783216783
OC	cellcycle	0.7	1013	40	0	NA	14.6791707798618	NA	0.200394866732478
OC	PDGFRA_module	0.7	1013	31	0	NA	14.6791707798618	NA	0.200394866732478
