group	threshold	n_nodes	n_edges	n_driver	nD
OPC	0.7	1551	4680	492	0.31721470019342357
AC	0.7	715	3182	131	0.18321678321678322
OC	0.7	1013	14870	203	0.20039486673247778
